ID,antibacterial,antifungal,cytotoxic_antitumor,inhibitor,surfactant,antiprotozoal,antiviral,siderophore
BGC0000001,1,0,1,0,0,0,0,0
BGC0000002,1,1,0,0,0,0,0,0
BGC0000014,0,1,0,0,0,0,0,0
BGC0000016,0,1,0,0,0,0,0,0
BGC0000017,0,0,1,0,0,0,0,0
BGC0000018,1,0,0,0,0,0,0,0
BGC0000019,1,0,0,0,0,0,0,0
BGC0000020,0,0,1,0,0,0,0,0
BGC0000021,0,0,1,0,0,0,0,0
BGC0000023,0,1,1,0,1,0,0,0
BGC0000024,1,1,1,0,0,1,0,0
BGC0000025,0,0,1,0,0,0,0,0
BGC0000026,1,0,0,0,0,0,0,0
BGC0000028,1,1,0,0,0,0,0,0
BGC0000029,1,1,1,0,0,0,0,0
BGC0000031,1,1,1,1,0,0,1,0
BGC0000032,1,1,0,0,0,0,0,0
BGC0000033,1,1,1,0,0,0,0,0
BGC0000034,0,1,0,0,0,0,0,0
BGC0000035,1,0,0,0,0,0,0,0
BGC0000036,1,0,0,0,0,0,0,0
BGC0000038,0,0,0,0,1,0,0,0
BGC0000040,0,0,1,1,0,1,1,0
BGC0000042,1,1,0,0,0,0,0,0
BGC0000043,0,0,1,0,0,0,0,0
BGC0000046,0,0,0,1,0,0,0,0
BGC0000047,1,1,1,0,0,0,0,0
BGC0000050,1,1,0,0,0,0,0,0
BGC0000051,0,1,0,0,0,0,0,0
BGC0000052,0,1,0,0,0,0,0,0
BGC0000053,0,0,1,0,0,0,0,0
BGC0000054,1,0,0,0,0,0,0,0
BGC0000055,1,0,0,1,0,0,0,0
BGC0000057,0,0,0,1,0,0,0,0
BGC0000058,0,1,1,0,0,0,0,0
BGC0000059,1,1,0,0,0,0,0,0
BGC0000060,0,1,1,0,0,0,0,0
BGC0000065,0,1,0,0,0,0,0,0
BGC0000066,1,1,1,0,0,1,0,0
BGC0000067,1,1,1,0,0,1,0,0
BGC0000068,1,1,1,0,0,1,0,0
BGC0000069,0,1,1,0,0,0,0,0
BGC0000070,0,1,1,0,0,0,0,0
BGC0000072,1,0,0,0,0,0,0,0
BGC0000073,1,0,0,0,0,0,0,0
BGC0000074,1,1,1,0,0,0,0,0
BGC0000075,1,1,1,0,0,0,0,0
BGC0000078,0,0,1,1,0,0,0,0
BGC0000079,1,1,0,0,0,0,0,0
BGC0000080,0,1,0,0,0,0,0,0
BGC0000081,1,0,1,0,0,0,0,0
BGC0000082,1,0,0,0,0,0,0,0
BGC0000083,0,1,1,1,0,0,1,0
BGC0000084,1,0,1,0,0,0,0,0
BGC0000085,1,0,1,0,0,0,0,0
BGC0000086,1,0,0,0,0,1,0,0
BGC0000087,1,0,0,0,0,1,0,0
BGC0000090,0,0,1,0,0,0,0,0
BGC0000091,0,0,1,0,0,0,0,0
BGC0000092,1,0,0,0,0,0,0,0
BGC0000093,1,0,0,0,0,0,0,0
BGC0000094,1,0,0,0,0,0,0,0
BGC0000096,1,0,0,0,0,0,0,0
BGC0000097,1,1,0,0,0,0,0,0
BGC0000100,1,0,0,0,0,1,0,0
BGC0000102,1,0,0,0,0,0,0,0
BGC0000103,0,0,1,0,0,0,0,0
BGC0000104,0,0,0,1,0,0,0,0
BGC0000105,1,0,0,0,0,0,1,0
BGC0000106,1,0,1,0,0,0,0,0
BGC0000108,0,1,0,0,0,0,0,0
BGC0000109,0,0,0,0,0,0,0,0
BGC0000110,0,1,1,0,0,1,1,0
BGC0000111,0,0,1,0,0,0,0,0
BGC0000112,1,0,1,0,0,0,0,0
BGC0000113,1,0,0,0,0,0,0,0
BGC0000114,1,1,1,0,0,1,0,0
BGC0000115,0,1,0,0,0,0,0,0
BGC0000116,0,1,0,0,0,0,0,0
BGC0000117,0,1,1,0,0,0,0,0
BGC0000118,1,1,1,0,0,1,1,0
BGC0000119,1,1,1,0,0,1,0,0
BGC0000120,0,0,1,0,0,0,0,0
BGC0000122,0,0,0,1,0,0,0,0
BGC0000123,0,1,1,0,0,0,0,0
BGC0000124,1,1,1,0,0,0,1,0
BGC0000125,0,1,0,0,0,0,0,0
BGC0000126,0,0,1,0,0,0,0,0
BGC0000127,0,1,0,0,0,0,0,0
BGC0000128,0,1,0,0,0,0,0,0
BGC0000130,1,0,0,0,0,0,0,0
BGC0000131,1,1,0,0,0,0,0,0
BGC0000132,1,0,0,0,0,0,0,0
BGC0000133,0,0,0,0,0,0,1,0
BGC0000135,0,1,0,0,0,0,1,0
BGC0000136,1,0,0,0,0,0,0,0
BGC0000137,1,0,0,0,0,0,0,0
BGC0000138,0,1,0,0,0,1,0,0
BGC0000140,1,0,1,0,0,0,0,0
BGC0000141,1,0,0,0,0,0,0,0
BGC0000143,1,1,1,0,0,1,0,0
BGC0000144,1,1,0,0,0,1,0,0
BGC0000145,0,0,1,0,0,0,0,0
BGC0000147,0,1,0,0,0,0,0,0
BGC0000148,0,0,0,0,0,0,0,0
BGC0000149,0,1,1,0,0,0,0,0
BGC0000151,1,0,1,0,0,0,0,0
BGC0000153,0,1,0,0,0,0,0,0
BGC0000154,0,0,0,0,0,1,0,0
BGC0000156,0,0,0,1,0,0,0,0
BGC0000157,0,1,1,0,0,0,0,0
BGC0000158,0,1,1,1,0,0,0,0
BGC0000159,1,1,1,1,0,0,0,0
BGC0000162,1,0,1,0,0,0,0,0
BGC0000163,1,1,0,0,0,0,0,0
BGC0000164,1,1,0,0,0,0,0,0
BGC0000165,1,0,0,0,0,0,0,0
BGC0000166,1,0,0,0,0,0,0,0
BGC0000167,0,0,1,0,0,0,0,0
BGC0000168,1,0,0,0,0,0,0,0
BGC0000171,0,1,1,0,0,0,0,0
BGC0000172,0,1,0,0,0,0,0,0
BGC0000173,0,1,1,1,0,0,0,0
BGC0000174,0,0,1,0,0,0,0,0
BGC0000175,0,1,0,1,0,0,0,0
BGC0000176,1,0,0,0,0,0,0,0
BGC0000177,0,1,1,1,0,0,0,0
BGC0000178,1,0,1,0,0,0,0,0
BGC0000179,1,0,0,0,0,0,1,0
BGC0000181,1,1,1,0,0,0,0,0
BGC0000182,1,0,0,0,0,0,0,0
BGC0000184,1,0,0,0,0,0,0,0
BGC0000185,1,0,1,0,0,0,0,0
BGC0000186,0,0,1,0,0,0,0,0
BGC0000187,1,1,1,0,0,0,0,0
BGC0000188,0,0,1,0,0,0,0,0
BGC0000189,0,0,0,0,0,0,0,0
BGC0000190,0,0,0,0,0,0,1,0
BGC0000191,1,1,1,0,0,0,0,0
BGC0000192,0,0,1,0,0,0,0,0
BGC0000193,0,0,1,0,0,0,0,0
BGC0000194,1,0,0,0,0,0,0,0
BGC0000195,1,0,1,0,0,0,0,0
BGC0000196,1,1,1,0,0,0,0,0
BGC0000197,1,0,1,0,0,0,0,0
BGC0000198,1,0,1,0,0,0,0,0
BGC0000199,0,0,1,0,0,0,0,0
BGC0000200,1,0,1,0,0,0,0,0
BGC0000201,1,0,0,0,0,0,0,0
BGC0000202,1,0,0,0,0,0,0,0
BGC0000204,1,0,1,1,0,0,0,0
BGC0000205,0,0,1,0,0,0,0,0
BGC0000207,1,0,1,0,0,0,0,0
BGC0000208,1,0,0,0,0,0,0,0
BGC0000209,1,0,0,0,0,0,0,0
BGC0000210,1,1,1,0,0,0,0,0
BGC0000211,1,0,1,0,0,0,1,0
BGC0000212,1,0,1,0,0,0,0,0
BGC0000213,1,0,0,1,0,0,0,0
BGC0000214,0,0,1,0,0,0,0,0
BGC0000215,1,0,0,0,0,0,0,0
BGC0000216,1,0,0,0,0,0,0,0
BGC0000217,0,0,1,0,0,0,0,0
BGC0000218,1,0,1,0,0,0,0,0
BGC0000219,0,0,1,0,0,0,0,0
BGC0000220,1,0,0,0,0,0,0,0
BGC0000221,0,0,0,0,1,0,0,0
BGC0000222,1,0,1,0,0,0,0,0
BGC0000223,1,0,0,0,0,0,0,0
BGC0000224,1,1,1,1,0,0,0,0
BGC0000225,1,1,1,0,0,0,0,0
BGC0000226,1,0,1,0,0,0,0,0
BGC0000227,1,0,0,0,0,0,0,0
BGC0000229,1,0,1,0,0,0,0,0
BGC0000230,1,0,1,1,0,0,1,0
BGC0000231,1,0,1,0,0,0,0,0
BGC0000232,0,0,1,0,0,0,0,0
BGC0000233,1,0,1,0,0,0,0,0
BGC0000234,1,0,1,0,0,0,0,0
BGC0000235,0,0,1,0,0,0,0,0
BGC0000236,1,0,1,0,0,0,0,0
BGC0000237,1,0,1,0,0,0,0,0
BGC0000238,1,0,0,0,0,0,0,0
BGC0000239,1,0,1,0,0,0,0,0
BGC0000240,1,0,1,0,0,0,0,0
BGC0000241,1,0,1,0,0,0,0,0
BGC0000242,1,0,0,0,0,0,0,0
BGC0000243,1,0,0,0,0,0,0,0
BGC0000244,1,0,0,0,0,0,0,0
BGC0000245,1,0,1,0,0,0,0,0
BGC0000247,1,0,1,0,0,0,0,0
BGC0000248,1,0,0,0,0,0,0,0
BGC0000249,1,0,1,0,0,0,0,0
BGC0000252,1,1,1,0,0,0,1,0
BGC0000253,0,0,1,0,0,0,0,0
BGC0000254,1,0,0,0,0,0,0,0
BGC0000255,0,0,1,0,0,0,0,0
BGC0000256,0,1,0,0,0,0,0,0
BGC0000257,1,1,1,0,0,0,0,0
BGC0000258,1,1,1,0,0,0,0,0
BGC0000259,1,1,1,0,0,0,0,0
BGC0000260,1,1,1,0,0,0,0,0
BGC0000261,0,0,1,0,0,0,0,0
BGC0000262,1,0,1,0,0,0,0,0
BGC0000263,1,1,1,0,0,0,0,0
BGC0000264,1,1,1,0,0,0,1,0
BGC0000265,1,0,1,0,0,0,0,0
BGC0000266,1,0,0,0,0,0,0,0
BGC0000267,1,0,1,0,0,0,0,0
BGC0000268,0,1,0,0,0,0,0,0
BGC0000269,1,0,1,0,0,0,0,0
BGC0000270,1,0,1,0,0,0,0,0
BGC0000271,0,0,0,0,0,0,0,0
BGC0000272,0,0,0,0,0,0,0,0
BGC0000273,1,0,1,0,0,0,0,0
BGC0000274,1,0,0,0,0,0,0,0
BGC0000275,1,0,1,0,0,0,0,0
BGC0000277,1,0,1,0,0,0,0,0
BGC0000278,1,0,1,0,0,0,0,0
BGC0000279,1,1,1,0,0,0,0,0
BGC0000280,0,1,0,0,0,0,0,0
BGC0000281,1,1,0,0,0,0,0,0
BGC0000283,0,0,1,0,0,0,0,0
BGC0000284,0,0,0,0,0,0,0,0
BGC0000287,1,0,1,0,0,0,0,0
BGC0000288,1,0,0,0,0,0,0,0
BGC0000289,1,0,0,0,0,0,0,0
BGC0000290,1,0,0,0,0,0,0,0
BGC0000291,1,0,0,0,0,0,0,0
BGC0000294,0,0,0,0,0,0,0,1
BGC0000295,0,0,0,0,0,0,0,1
BGC0000296,1,1,1,0,0,0,0,0
BGC0000297,0,0,0,1,0,0,0,0
BGC0000298,0,0,0,1,0,0,0,0
BGC0000300,0,0,0,0,0,0,0,1
BGC0000301,0,0,0,1,0,0,0,0
BGC0000302,0,0,0,1,0,0,0,0
BGC0000303,1,1,1,0,0,0,0,0
BGC0000305,0,0,0,0,1,0,0,0
BGC0000306,1,0,0,0,0,0,0,0
BGC0000308,0,0,0,0,0,0,0,0
BGC0000309,0,0,0,0,0,0,0,1
BGC0000310,1,0,0,0,0,0,0,0
BGC0000311,1,0,0,0,0,0,0,0
BGC0000314,1,0,1,0,0,0,0,0
BGC0000315,1,0,0,0,0,0,0,0
BGC0000316,1,0,0,0,0,0,0,0
BGC0000319,1,0,0,1,0,0,0,0
BGC0000320,0,0,1,0,0,0,0,0
BGC0000322,1,0,0,0,0,0,0,0
BGC0000323,1,1,0,0,1,0,0,0
BGC0000324,0,0,0,0,0,0,0,1
BGC0000325,0,0,0,0,0,0,0,1
BGC0000326,1,0,0,0,0,0,1,0
BGC0000327,1,0,0,0,0,0,1,0
BGC0000328,0,0,0,0,0,0,0,0
BGC0000329,1,0,0,0,0,0,0,0
BGC0000330,1,0,0,0,0,0,0,1
BGC0000333,0,0,1,0,0,0,0,0
BGC0000336,1,0,0,0,0,0,0,0
BGC0000339,1,1,1,0,0,0,0,0
BGC0000340,1,0,1,0,0,0,0,0
BGC0000341,1,0,0,0,0,0,0,0
BGC0000343,0,0,0,0,0,0,0,1
BGC0000344,0,0,0,0,0,0,0,0
BGC0000345,0,0,1,1,0,1,0,0
BGC0000346,0,0,1,1,0,0,0,0
BGC0000347,0,0,0,0,0,0,0,1
BGC0000349,1,0,0,0,0,0,0,0
BGC0000350,0,0,1,0,0,0,0,0
BGC0000351,0,0,0,0,0,0,0,1
BGC0000352,0,0,0,0,0,0,0,1
BGC0000353,0,1,0,0,0,0,0,0
BGC0000354,1,0,0,0,1,0,0,0
BGC0000355,0,0,1,0,0,0,0,0
BGC0000356,0,0,0,1,0,0,0,0
BGC0000357,0,0,0,1,0,0,0,0
BGC0000359,0,0,0,0,0,0,0,1
BGC0000360,1,0,0,0,0,0,0,0
BGC0000362,0,0,0,0,0,0,0,0
BGC0000363,0,0,0,0,0,0,0,0
BGC0000364,0,0,0,0,0,0,0,0
BGC0000365,0,0,0,0,0,0,0,0
BGC0000366,0,0,0,0,0,0,0,1
BGC0000367,1,0,0,0,0,0,0,0
BGC0000368,0,0,0,0,0,0,0,1
BGC0000369,0,1,0,0,0,0,0,0
BGC0000371,0,0,0,0,0,0,0,1
BGC0000372,0,0,1,0,0,0,0,1
BGC0000373,1,1,1,0,0,0,1,0
BGC0000374,1,0,0,0,0,1,0,0
BGC0000375,1,0,0,0,0,0,0,0
BGC0000376,0,0,0,0,0,0,0,0
BGC0000378,0,1,0,0,0,0,0,0
BGC0000379,1,0,0,0,0,0,0,0
BGC0000380,0,1,0,0,0,0,0,0
BGC0000381,1,0,1,0,0,0,0,0
BGC0000382,0,0,0,1,0,0,0,0
BGC0000383,0,0,1,0,0,0,0,0
BGC0000384,0,0,1,0,0,0,0,0
BGC0000385,1,0,0,0,0,0,0,0
BGC0000386,0,0,0,0,0,0,0,1
BGC0000387,0,0,0,0,0,0,0,0
BGC0000388,1,0,0,0,0,0,0,0
BGC0000391,1,0,1,0,0,0,0,0
BGC0000392,0,0,0,0,0,0,0,1
BGC0000393,0,0,0,0,0,0,0,0
BGC0000394,1,0,1,0,0,0,0,0
BGC0000395,1,0,0,0,0,0,0,0
BGC0000396,0,0,0,0,0,0,0,0
BGC0000397,0,0,1,0,0,0,0,0
BGC0000398,0,1,0,0,1,0,0,0
BGC0000399,0,1,0,0,1,0,0,0
BGC0000400,1,0,0,0,0,0,0,0
BGC0000401,0,0,0,0,0,0,0,1
BGC0000403,1,1,0,0,0,0,0,0
BGC0000405,1,0,0,0,0,0,0,0
BGC0000406,1,0,0,0,0,0,0,0
BGC0000407,0,1,0,0,1,0,0,0
BGC0000408,1,0,0,0,1,0,0,0
BGC0000409,1,0,1,0,0,0,0,0
BGC0000410,0,0,0,0,0,0,0,1
BGC0000411,1,1,0,0,0,0,0,0
BGC0000412,1,0,0,0,0,0,0,1
BGC0000413,0,0,0,0,0,0,0,1
BGC0000414,0,0,1,0,0,0,0,0
BGC0000415,1,0,1,0,0,0,0,0
BGC0000416,0,0,1,0,0,0,0,0
BGC0000417,0,0,0,0,0,0,0,1
BGC0000418,1,0,0,0,0,0,0,0
BGC0000419,1,0,0,0,0,0,0,0
BGC0000420,1,0,0,1,0,0,0,0
BGC0000421,0,0,1,0,0,0,0,0
BGC0000422,1,0,1,0,0,0,0,0
BGC0000423,0,0,0,0,0,0,0,1
BGC0000424,0,0,0,0,0,0,0,1
BGC0000425,0,1,0,0,1,0,0,0
BGC0000426,1,0,0,0,0,0,0,0
BGC0000427,0,0,0,0,0,0,0,0
BGC0000428,1,0,1,0,0,0,0,0
BGC0000430,0,0,0,1,0,0,0,0
BGC0000431,1,0,0,0,0,0,0,0
BGC0000432,1,0,0,0,0,0,0,0
BGC0000433,1,1,0,0,1,0,0,0
BGC0000434,1,0,1,0,0,0,0,0
BGC0000435,0,0,0,0,1,0,0,0
BGC0000436,0,0,1,0,0,0,0,0
BGC0000437,0,0,0,0,0,0,0,0
BGC0000438,0,0,0,0,0,0,0,0
BGC0000439,1,0,0,0,1,0,0,0
BGC0000440,1,0,0,0,0,0,0,0
BGC0000441,1,0,0,0,0,0,0,0
BGC0000442,0,0,1,0,0,0,0,0
BGC0000443,0,1,0,0,0,0,0,0
BGC0000444,0,0,0,0,0,0,0,0
BGC0000445,1,0,1,0,0,0,0,0
BGC0000446,0,0,1,0,0,0,0,0
BGC0000447,0,1,0,0,0,0,0,0
BGC0000448,1,1,1,0,0,0,1,0
BGC0000449,1,0,0,0,0,0,0,0
BGC0000450,0,0,1,0,0,0,0,0
BGC0000451,0,0,0,0,0,0,0,1
BGC0000452,1,0,0,0,0,0,0,0
BGC0000453,1,1,1,0,0,0,1,0
BGC0000454,0,0,0,0,0,0,0,1
BGC0000455,1,0,0,0,0,0,0,0
BGC0000457,0,0,0,0,0,0,0,1
BGC0000458,1,0,0,0,0,0,0,0
BGC0000459,1,1,0,0,0,0,0,0
BGC0000460,0,0,0,0,0,0,0,1
BGC0000461,1,0,0,0,0,0,0,0
BGC0000464,0,0,0,0,0,1,0,0
BGC0000465,0,0,1,0,0,0,0,0
BGC0000466,0,1,1,0,0,0,0,0
BGC0000467,0,0,0,0,0,0,0,1
BGC0000468,1,0,0,0,0,0,0,0
BGC0000469,1,0,0,0,0,0,0,0
BGC0000470,1,0,0,0,0,0,0,0
BGC0000475,0,0,1,0,0,0,0,0
BGC0000478,0,0,1,0,0,0,0,0
BGC0000479,0,0,0,0,0,0,0,0
BGC0000480,1,0,0,0,0,0,0,0
BGC0000481,0,0,0,0,0,0,0,0
BGC0000482,0,0,1,0,0,0,0,0
BGC0000483,0,0,1,0,0,0,0,0
BGC0000484,1,0,0,0,0,0,0,0
BGC0000485,1,0,0,0,0,0,0,0
BGC0000487,1,0,0,0,0,0,0,0
BGC0000488,1,0,0,0,0,0,0,0
BGC0000489,1,0,0,0,0,0,0,0
BGC0000490,1,0,0,0,0,0,0,0
BGC0000491,1,0,0,0,0,0,0,0
BGC0000494,1,0,0,0,0,0,0,0
BGC0000495,1,0,0,0,0,0,0,0
BGC0000496,0,0,0,0,0,0,0,0
BGC0000498,1,0,0,0,0,0,0,0
BGC0000499,1,0,0,0,0,0,0,0
BGC0000500,1,0,0,0,0,0,0,0
BGC0000502,1,0,0,0,0,0,0,0
BGC0000503,1,0,0,0,0,0,0,0
BGC0000504,1,0,1,0,0,0,0,0
BGC0000506,1,0,0,0,0,0,0,0
BGC0000507,1,0,0,0,0,0,0,0
BGC0000509,1,0,0,0,0,0,0,0
BGC0000511,1,0,0,0,0,0,0,0
BGC0000514,1,0,0,0,0,0,0,0
BGC0000515,1,0,0,0,0,0,0,0
BGC0000516,1,0,0,0,0,0,0,0
BGC0000517,1,0,0,1,0,0,0,0
BGC0000519,0,0,0,0,0,0,1,0
BGC0000520,1,0,0,0,0,0,0,0
BGC0000521,1,0,0,0,0,0,0,0
BGC0000522,1,0,0,0,0,0,0,0
BGC0000523,0,0,1,0,0,0,0,0
BGC0000525,1,0,0,0,0,0,0,0
BGC0000526,1,0,0,0,0,0,0,0
BGC0000527,1,0,0,0,0,0,0,0
BGC0000528,1,0,0,0,0,0,0,0
BGC0000529,1,0,0,0,0,0,0,0
BGC0000530,1,0,0,0,0,0,0,0
BGC0000531,1,0,0,0,0,0,0,0
BGC0000532,1,0,0,0,0,0,0,0
BGC0000533,1,0,0,0,0,0,0,0
BGC0000534,1,0,0,0,0,0,0,0
BGC0000535,1,0,0,0,0,0,0,0
BGC0000536,1,0,0,0,0,0,0,0
BGC0000537,1,0,0,0,0,0,0,0
BGC0000538,1,0,0,0,0,0,0,0
BGC0000539,1,0,0,0,0,0,0,0
BGC0000540,1,0,0,0,0,0,0,0
BGC0000541,1,0,0,0,0,0,0,0
BGC0000542,1,0,0,0,0,0,0,0
BGC0000543,1,0,0,0,0,0,0,0
BGC0000544,1,0,0,0,0,0,0,0
BGC0000545,1,0,0,0,0,0,0,0
BGC0000547,1,0,0,0,0,0,0,0
BGC0000548,1,0,0,0,0,0,0,0
BGC0000549,1,0,0,0,0,0,0,0
BGC0000550,1,0,0,0,0,0,0,0
BGC0000551,0,0,0,0,1,0,0,0
BGC0000552,1,0,0,0,0,0,0,0
BGC0000556,1,0,0,0,0,0,0,0
BGC0000557,1,0,0,0,0,0,0,0
BGC0000558,1,0,0,0,0,0,0,0
BGC0000559,1,0,0,0,0,0,0,0
BGC0000560,1,1,0,0,0,0,0,0
BGC0000561,1,0,0,0,0,0,0,0
BGC0000564,0,0,1,0,0,0,0,0
BGC0000565,1,0,0,0,0,0,0,0
BGC0000566,0,0,1,0,0,0,0,0
BGC0000568,1,1,0,0,1,0,0,0
BGC0000569,1,0,0,0,0,0,0,0
BGC0000570,1,0,0,0,0,0,0,0
BGC0000572,1,0,0,0,0,0,0,0
BGC0000575,1,0,0,0,0,0,0,0
BGC0000581,1,0,0,0,1,0,0,0
BGC0000582,1,0,1,0,0,0,0,0
BGC0000583,0,0,1,0,0,0,0,0
BGC0000584,1,0,0,0,0,0,0,0
BGC0000585,1,0,0,0,1,0,0,0
BGC0000586,1,0,0,0,1,0,0,0
BGC0000587,1,0,0,0,1,0,0,0
BGC0000588,0,0,0,0,1,0,0,0
BGC0000589,1,0,0,0,1,0,0,0
BGC0000590,1,0,0,0,1,0,0,0
BGC0000591,0,0,0,1,0,0,0,0
BGC0000592,0,0,0,1,0,0,0,0
BGC0000593,0,0,0,1,0,0,0,0
BGC0000594,0,0,0,1,0,0,0,0
BGC0000598,0,0,1,0,0,0,0,0
BGC0000599,1,0,0,0,0,0,0,0
BGC0000600,1,0,0,0,0,0,0,0
BGC0000601,1,0,0,0,0,0,0,0
BGC0000602,1,0,0,0,0,0,0,0
BGC0000603,0,1,0,1,0,0,0,0
BGC0000604,1,0,0,0,0,0,0,0
BGC0000605,1,0,0,0,0,0,0,0
BGC0000606,0,0,1,0,0,0,0,0
BGC0000607,1,0,0,0,0,0,0,0
BGC0000608,1,0,0,0,0,0,0,0
BGC0000609,1,0,0,0,0,0,0,0
BGC0000610,1,0,0,0,0,0,0,0
BGC0000611,1,0,1,0,0,0,0,0
BGC0000612,1,0,0,0,0,0,0,0
BGC0000613,1,0,0,0,0,0,0,0
BGC0000614,1,0,1,0,0,0,0,0
BGC0000615,1,0,0,0,0,0,0,0
BGC0000616,1,0,0,0,0,0,0,0
BGC0000617,1,0,0,0,0,0,0,0
BGC0000619,1,0,0,0,0,0,0,0
BGC0000620,1,0,0,0,0,0,0,0
BGC0000622,1,0,0,0,0,0,0,0
BGC0000623,1,0,0,0,0,0,0,0
BGC0000624,1,0,0,0,0,0,0,0
BGC0000625,0,0,1,0,0,0,0,0
BGC0000626,1,0,0,0,0,0,0,0
BGC0000628,1,0,0,0,0,0,0,0
BGC0000630,0,0,0,0,0,0,0,0
BGC0000632,0,1,1,0,0,0,0,0
BGC0000634,0,0,0,0,0,0,0,0
BGC0000635,0,0,0,0,0,0,0,0
BGC0000636,0,0,0,0,0,0,0,0
BGC0000637,0,0,0,0,0,0,0,0
BGC0000638,0,0,0,0,0,0,0,0
BGC0000639,0,0,0,0,0,0,0,0
BGC0000640,0,0,0,0,0,0,0,0
BGC0000641,0,0,0,0,0,0,0,0
BGC0000642,0,0,0,0,0,0,0,0
BGC0000643,0,0,0,0,0,0,0,0
BGC0000644,0,0,0,0,0,0,0,0
BGC0000645,0,0,0,0,0,0,0,0
BGC0000646,0,0,0,0,0,0,0,0
BGC0000648,0,0,0,0,0,0,0,0
BGC0000649,0,0,0,0,0,0,0,0
BGC0000650,0,0,0,0,0,0,0,0
BGC0000651,0,0,0,0,0,1,0,0
BGC0000652,1,0,0,0,0,0,0,0
BGC0000653,1,1,0,0,0,1,0,0
BGC0000654,1,0,0,0,0,0,0,0
BGC0000656,0,0,0,0,0,0,0,0
BGC0000657,0,0,0,0,0,0,0,0
BGC0000658,0,0,0,0,0,0,0,0
BGC0000659,0,0,0,0,0,0,0,0
BGC0000660,1,0,0,0,0,0,0,0
BGC0000661,0,0,0,0,0,0,0,0
BGC0000662,1,0,1,0,0,0,0,0
BGC0000663,0,0,1,0,0,0,1,0
BGC0000664,0,0,0,0,0,0,0,0
BGC0000665,0,0,1,0,0,0,1,0
BGC0000666,1,0,1,0,0,0,1,0
BGC0000668,1,1,1,0,0,0,0,0
BGC0000674,0,0,1,0,0,0,0,0
BGC0000675,0,1,0,0,0,0,0,0
BGC0000677,1,0,0,1,0,1,0,0
BGC0000678,1,1,1,0,0,0,0,0
BGC0000679,1,0,0,0,0,0,0,0
BGC0000690,1,0,0,0,0,0,0,0
BGC0000691,0,0,0,1,0,0,0,0
BGC0000692,1,0,0,0,0,0,0,0
BGC0000693,1,0,0,0,0,0,0,0
BGC0000694,1,0,0,0,0,0,0,0
BGC0000695,1,0,0,0,0,0,0,0
BGC0000696,1,0,0,0,0,0,0,0
BGC0000698,1,0,0,0,0,0,0,0
BGC0000699,1,1,0,0,0,0,0,0
BGC0000700,1,0,0,0,0,0,0,0
BGC0000701,1,1,0,0,0,0,0,0
BGC0000702,1,0,0,0,0,0,0,0
BGC0000703,1,0,0,0,0,0,0,0
BGC0000704,1,0,0,0,0,0,0,0
BGC0000705,1,0,0,0,0,0,0,0
BGC0000706,1,0,0,0,0,0,0,0
BGC0000707,1,1,1,0,0,0,0,0
BGC0000708,1,0,0,0,0,0,0,0
BGC0000709,1,0,0,0,0,0,0,0
BGC0000711,1,0,0,0,0,0,0,0
BGC0000712,1,1,0,0,0,1,0,0
BGC0000713,1,0,0,0,0,0,0,0
BGC0000714,1,0,0,0,0,0,0,0
BGC0000715,1,0,0,0,0,0,0,0
BGC0000716,1,0,0,0,0,0,0,0
BGC0000719,1,0,0,0,0,0,0,0
BGC0000720,1,0,0,0,0,0,0,0
BGC0000721,1,0,0,0,0,0,0,0
BGC0000722,1,1,0,0,0,0,0,0
BGC0000723,1,1,0,0,0,0,0,0
BGC0000724,1,0,0,0,0,0,0,0
BGC0000725,0,0,0,0,0,0,0,0
BGC0000728,0,0,0,0,0,0,0,0
BGC0000729,0,0,0,0,0,0,0,0
BGC0000730,0,0,0,0,0,0,0,0
BGC0000731,0,0,0,0,0,0,0,0
BGC0000732,0,0,0,0,0,0,0,0
BGC0000733,0,0,0,0,0,0,0,0
BGC0000734,0,0,0,0,0,0,0,0
BGC0000735,0,0,0,0,0,0,0,0
BGC0000736,0,0,0,0,0,0,0,0
BGC0000737,0,0,0,0,0,0,0,0
BGC0000738,0,0,0,0,0,0,0,0
BGC0000739,0,0,0,0,0,0,0,0
BGC0000740,0,0,0,0,0,0,0,0
BGC0000741,0,0,0,0,0,0,0,0
BGC0000742,0,0,0,0,0,0,0,0
BGC0000743,0,0,0,0,0,0,0,0
BGC0000744,0,0,0,0,0,0,0,0
BGC0000745,0,0,0,0,0,0,0,0
BGC0000746,0,0,0,0,0,0,0,0
BGC0000747,0,0,0,0,0,0,0,0
BGC0000748,0,0,0,0,0,0,0,0
BGC0000749,0,0,0,0,0,0,0,0
BGC0000751,0,0,0,0,0,0,0,0
BGC0000752,0,0,0,0,0,0,0,0
BGC0000753,0,0,0,0,0,0,0,0
BGC0000754,0,0,0,0,0,0,0,0
BGC0000755,0,0,0,0,0,0,0,0
BGC0000756,0,0,0,0,0,0,0,0
BGC0000757,0,0,0,0,0,0,0,0
BGC0000759,0,0,0,0,0,0,0,0
BGC0000760,0,0,0,0,0,0,0,0
BGC0000761,0,0,0,0,0,0,0,0
BGC0000762,0,0,0,0,0,0,0,0
BGC0000763,0,0,0,0,0,0,0,0
BGC0000764,0,0,0,0,0,0,0,0
BGC0000765,0,0,0,0,0,0,0,0
BGC0000766,0,0,0,0,0,0,0,0
BGC0000767,0,0,0,0,0,0,0,0
BGC0000768,0,0,0,0,0,0,0,0
BGC0000769,0,0,0,0,0,0,0,0
BGC0000770,0,0,0,0,0,0,0,0
BGC0000772,0,0,0,0,0,0,0,0
BGC0000773,0,0,0,0,0,0,0,0
BGC0000775,0,0,0,0,0,0,0,0
BGC0000776,0,0,0,0,0,0,0,0
BGC0000777,0,0,0,0,0,0,0,0
BGC0000778,0,0,0,0,0,0,0,0
BGC0000779,0,0,0,0,0,0,0,0
BGC0000780,0,0,0,0,0,0,0,0
BGC0000781,0,0,0,0,0,0,0,0
BGC0000782,0,0,0,0,0,0,0,0
BGC0000783,0,0,0,0,0,0,0,0
BGC0000784,0,0,0,0,0,0,0,0
BGC0000785,0,0,0,0,0,0,0,0
BGC0000786,0,0,0,0,0,0,0,0
BGC0000787,0,0,0,0,0,0,0,0
BGC0000788,0,0,0,0,0,0,0,0
BGC0000789,0,0,0,0,0,0,0,0
BGC0000790,0,0,0,0,0,0,0,0
BGC0000791,0,0,0,0,0,0,0,0
BGC0000792,0,0,0,0,0,0,0,0
BGC0000793,0,0,0,0,0,0,0,0
BGC0000794,0,0,0,0,0,0,0,0
BGC0000795,0,0,0,0,0,0,0,0
BGC0000796,0,0,0,0,0,0,0,0
BGC0000797,0,0,0,0,0,0,0,0
BGC0000799,0,0,0,0,0,0,0,0
BGC0000800,0,0,0,0,0,0,0,0
BGC0000801,0,0,0,0,0,0,0,0
BGC0000802,0,0,0,0,0,0,0,0
BGC0000803,0,0,0,0,0,0,0,0
BGC0000804,0,0,0,1,0,0,0,0
BGC0000806,0,0,0,0,0,0,0,0
BGC0000807,0,0,0,0,0,0,0,0
BGC0000809,1,0,1,0,0,0,0,0
BGC0000816,0,0,0,1,0,0,0,0
BGC0000817,0,0,1,0,0,0,0,0
BGC0000818,0,0,1,0,0,0,0,0
BGC0000820,0,0,0,1,0,0,0,0
BGC0000821,1,1,1,0,0,0,0,0
BGC0000825,0,1,1,0,0,0,0,0
BGC0000826,0,1,1,0,0,0,0,0
BGC0000827,0,1,0,0,0,0,0,0
BGC0000829,1,0,1,0,0,0,0,0
BGC0000830,1,0,1,0,0,0,0,0
BGC0000831,1,0,1,0,0,0,0,0
BGC0000832,1,0,0,0,0,0,0,0
BGC0000833,1,0,0,0,0,0,0,0
BGC0000834,1,0,0,0,0,0,0,0
BGC0000836,0,0,0,0,0,0,0,0
BGC0000837,0,0,0,0,0,0,0,0
BGC0000838,0,0,0,0,0,0,0,0
BGC0000840,0,0,0,0,0,0,0,0
BGC0000841,1,1,0,1,0,0,0,0
BGC0000842,1,0,0,0,0,0,0,0
BGC0000843,1,1,0,0,0,0,0,0
BGC0000844,1,0,0,1,0,0,0,0
BGC0000845,1,0,0,1,0,0,0,0
BGC0000846,0,0,0,0,0,0,0,0
BGC0000847,1,0,0,0,0,0,0,0
BGC0000849,0,0,0,0,0,0,0,0
BGC0000850,0,0,0,0,0,0,0,0
BGC0000851,1,0,1,0,0,0,0,0
BGC0000852,0,0,0,0,0,0,0,0
BGC0000853,0,0,0,0,0,0,0,0
BGC0000854,0,0,0,0,0,0,0,0
BGC0000855,0,0,0,0,0,0,0,0
BGC0000856,0,0,0,0,0,0,0,0
BGC0000857,0,0,0,0,0,0,0,0
BGC0000858,0,0,0,0,0,0,0,0
BGC0000859,0,0,0,0,0,0,0,0
BGC0000860,0,0,0,0,0,0,0,0
BGC0000861,0,0,0,0,0,0,0,0
BGC0000862,0,0,0,0,0,0,0,0
BGC0000863,0,0,0,0,0,0,0,0
BGC0000864,0,0,0,0,0,0,0,0
BGC0000865,0,0,0,0,0,0,0,0
BGC0000866,0,0,0,0,0,0,0,0
BGC0000867,0,0,0,0,0,0,0,0
BGC0000868,0,0,0,0,0,0,0,0
BGC0000869,0,0,0,0,0,0,0,0
BGC0000870,0,0,0,0,0,0,0,0
BGC0000872,1,0,0,0,0,0,0,0
BGC0000873,1,0,0,0,0,0,0,0
BGC0000874,1,1,0,0,0,1,0,0
BGC0000875,1,0,0,1,0,0,0,0
BGC0000876,0,1,0,0,0,0,0,0
BGC0000877,0,1,0,0,0,0,0,0
BGC0000878,1,0,1,0,0,1,0,0
BGC0000879,1,1,1,0,0,1,0,0
BGC0000880,1,1,1,0,0,0,0,0
BGC0000881,0,1,1,0,0,0,0,0
BGC0000882,1,1,0,0,0,0,0,0
BGC0000883,1,1,0,0,0,0,0,0
BGC0000884,1,0,0,0,0,0,0,0
BGC0000887,0,0,1,0,0,0,0,0
BGC0000888,1,1,0,0,0,0,0,0
BGC0000889,1,1,1,0,0,0,0,0
BGC0000890,1,0,1,1,0,0,0,0
BGC0000891,1,0,1,1,0,0,0,0
BGC0000892,1,1,0,0,0,0,0,0
BGC0000893,1,0,0,0,0,0,1,0
BGC0000895,0,0,0,0,0,0,0,0
BGC0000896,1,0,0,0,0,0,0,0
BGC0000897,1,0,0,0,0,0,0,0
BGC0000898,1,0,0,0,0,0,0,0
BGC0000899,1,0,0,0,0,0,0,0
BGC0000900,0,0,0,0,0,0,0,1
BGC0000901,0,0,0,0,0,0,0,1
BGC0000904,1,0,0,0,0,1,0,0
BGC0000905,0,0,0,0,0,0,0,0
BGC0000906,0,0,0,0,0,0,0,0
BGC0000907,1,0,0,0,0,0,0,0
BGC0000913,0,0,0,0,0,0,0,0
BGC0000914,1,1,0,0,0,0,0,0
BGC0000915,0,0,1,0,0,0,0,0
BGC0000916,0,0,0,0,0,0,0,0
BGC0000917,0,0,0,0,0,0,0,0
BGC0000919,0,0,0,0,0,0,0,0
BGC0000920,0,0,0,0,0,0,0,0
BGC0000921,1,0,0,0,0,0,0,0
BGC0000922,0,0,0,0,0,0,0,0
BGC0000924,1,1,0,0,0,0,0,0
BGC0000925,0,0,0,0,0,0,0,1
BGC0000926,0,1,0,0,0,0,0,0
BGC0000927,1,0,0,0,0,0,0,0
BGC0000929,1,0,0,0,0,0,0,0
BGC0000932,1,0,1,0,0,0,0,0
BGC0000934,1,1,0,0,0,0,0,0
BGC0000936,1,1,0,0,0,0,0,0
BGC0000937,0,1,0,0,0,0,0,0
BGC0000938,1,0,0,1,0,0,0,0
BGC0000939,0,0,0,0,0,0,0,1
BGC0000940,0,0,0,0,0,0,0,1
BGC0000941,0,0,0,0,0,0,0,1
BGC0000942,0,0,0,0,0,0,0,1
BGC0000943,0,0,0,0,0,0,0,1
BGC0000944,0,0,0,0,0,0,0,1
BGC0000945,0,0,0,0,0,0,0,1
BGC0000946,0,0,0,0,0,0,0,1
BGC0000947,0,0,0,0,0,0,0,1
BGC0000948,0,0,0,0,0,0,0,0
BGC0000949,1,0,0,0,0,0,0,0
BGC0000950,1,0,0,0,0,0,0,0
BGC0000951,1,0,0,0,0,0,0,0
BGC0000953,1,0,1,0,0,0,0,0
BGC0000954,0,1,0,0,0,0,0,0
BGC0000955,1,0,0,0,0,0,0,0
BGC0000956,1,0,0,0,0,0,0,0
BGC0000957,0,1,1,0,0,0,0,0
BGC0000958,0,1,1,0,0,0,0,0
BGC0000959,0,0,1,0,0,0,0,0
BGC0000960,1,0,1,0,0,0,0,0
BGC0000961,1,1,1,0,0,0,0,0
BGC0000962,0,0,1,0,0,0,0,0
BGC0000963,0,0,1,0,0,0,0,0
BGC0000964,0,0,1,0,0,0,0,0
BGC0000965,1,0,1,0,0,0,0,0
BGC0000966,1,1,0,0,0,0,0,0
BGC0000967,0,0,1,0,0,0,0,0
BGC0000968,0,0,1,0,0,0,0,0
BGC0000969,0,0,1,0,0,0,0,0
BGC0000970,1,1,0,0,0,0,0,0
BGC0000971,0,0,1,0,0,0,0,0
BGC0000972,1,0,0,0,0,0,0,0
BGC0000973,1,1,0,0,0,0,0,0
BGC0000974,0,1,1,0,0,0,0,0
BGC0000975,0,1,1,0,0,0,0,0
BGC0000976,0,0,1,0,0,0,0,0
BGC0000978,0,0,1,0,0,0,0,0
BGC0000979,0,0,1,0,0,0,0,0
BGC0000980,0,0,1,0,0,0,0,0
BGC0000981,0,0,1,0,0,0,0,0
BGC0000982,0,1,1,0,0,0,0,0
BGC0000983,0,0,1,1,0,0,0,0
BGC0000985,0,0,1,0,1,0,0,0
BGC0000986,0,1,0,0,0,0,0,0
BGC0000988,0,0,1,0,0,0,0,0
BGC0000989,0,0,1,0,0,0,0,0
BGC0000990,0,0,1,0,0,0,0,0
BGC0000991,0,0,1,0,0,0,0,0
BGC0000993,0,1,1,0,0,0,0,0
BGC0000994,0,1,0,0,0,0,0,0
BGC0000995,0,0,1,0,0,0,0,0
BGC0000996,0,1,0,0,0,0,0,0
BGC0000997,0,1,1,0,0,0,0,0
BGC0000998,1,0,0,1,0,0,0,0
BGC0000999,0,1,0,0,0,0,0,0
BGC0001000,0,1,1,0,0,0,0,0
BGC0001001,0,0,0,0,1,0,0,0
BGC0001002,0,1,0,0,0,0,0,0
BGC0001003,1,0,0,0,0,0,0,0
BGC0001004,1,0,1,0,0,0,0,0
BGC0001005,0,1,0,0,0,0,0,0
BGC0001006,0,0,0,1,0,0,0,0
BGC0001007,0,0,0,1,0,0,0,0
BGC0001008,1,0,0,0,0,0,0,0
BGC0001010,0,1,1,0,0,0,0,0
BGC0001014,1,0,0,0,0,0,0,1
BGC0001015,0,0,1,0,0,0,0,0
BGC0001016,0,0,1,0,0,0,0,0
BGC0001017,0,0,1,1,0,0,0,0
BGC0001019,0,1,0,0,0,0,0,0
BGC0001020,1,0,0,0,0,0,0,0
BGC0001021,0,0,0,0,0,0,0,1
BGC0001022,1,1,0,0,0,0,0,0
BGC0001023,0,0,0,0,1,0,0,0
BGC0001024,0,1,1,0,0,0,0,0
BGC0001025,1,0,0,0,0,0,0,0
BGC0001027,0,0,0,0,0,0,0,1
BGC0001028,0,0,0,0,0,0,0,0
BGC0001029,0,0,1,0,0,0,0,0
BGC0001031,0,1,0,0,0,0,0,0
BGC0001032,0,1,0,0,0,0,0,0
BGC0001033,1,1,1,0,0,0,0,0
BGC0001034,0,0,1,0,0,0,0,0
BGC0001035,0,1,0,0,0,0,0,0
BGC0001036,0,0,1,0,0,0,0,0
BGC0001037,0,0,0,1,0,0,0,0
BGC0001038,1,0,0,0,0,0,0,0
BGC0001039,1,0,0,0,0,0,0,0
BGC0001040,0,1,1,0,0,0,0,0
BGC0001041,0,0,1,0,0,0,0,0
BGC0001042,0,0,0,0,0,0,1,0
BGC0001045,0,1,1,1,0,0,0,0
BGC0001046,1,0,0,0,0,0,0,0
BGC0001047,0,0,1,0,0,0,0,0
BGC0001048,0,0,1,0,0,0,0,0
BGC0001050,0,0,0,1,0,0,0,0
BGC0001051,1,0,0,0,0,0,0,0
BGC0001052,1,0,0,0,0,0,0,0
BGC0001053,0,0,1,0,0,0,0,0
BGC0001054,1,0,0,0,0,0,0,0
BGC0001055,0,0,0,0,0,0,0,1
BGC0001056,1,0,0,0,1,0,0,0
BGC0001058,0,0,1,0,0,0,0,0
BGC0001059,1,1,0,0,0,0,0,0
BGC0001060,1,0,1,0,0,0,0,0
BGC0001061,1,0,1,0,0,0,0,0
BGC0001062,1,0,1,0,0,0,0,0
BGC0001063,1,1,1,0,0,0,0,0
BGC0001064,0,0,1,0,0,0,0,0
BGC0001065,1,0,1,0,0,0,0,0
BGC0001066,1,0,1,1,0,0,0,0
BGC0001067,0,0,0,1,0,0,0,0
BGC0001069,0,1,1,0,0,0,0,0
BGC0001070,1,0,0,1,0,0,0,0
BGC0001072,1,0,1,1,0,0,0,0
BGC0001073,1,1,1,0,0,0,0,0
BGC0001074,1,0,1,0,0,0,0,0
BGC0001075,1,0,0,0,0,0,0,0
BGC0001076,1,0,0,1,0,0,0,0
BGC0001078,0,0,1,0,0,0,0,0
BGC0001079,1,0,1,0,0,0,0,0
BGC0001080,1,1,0,0,0,0,0,0
BGC0001082,0,0,0,1,0,0,1,0
BGC0001083,1,0,0,0,0,0,0,0
BGC0001084,0,0,1,1,0,0,0,0
BGC0001088,1,1,0,0,0,0,0,0
BGC0001089,1,0,0,0,0,0,0,0
BGC0001090,0,1,0,0,0,0,0,0
BGC0001091,1,0,0,0,0,0,0,0
BGC0001093,0,0,1,0,0,0,0,0
BGC0001094,1,0,0,0,0,0,0,0
BGC0001095,0,1,0,0,1,0,0,0
BGC0001098,0,1,0,0,0,0,0,0
BGC0001099,1,0,0,0,0,0,0,0
BGC0001100,1,0,1,0,0,0,0,0
BGC0001101,1,0,1,1,0,0,0,0
BGC0001102,1,0,1,0,1,0,0,1
BGC0001103,0,1,0,0,0,0,0,0
BGC0001105,0,0,1,0,0,0,0,0
BGC0001106,1,1,1,0,0,0,1,0
BGC0001108,0,0,1,1,0,0,0,0
BGC0001110,0,0,1,0,1,0,0,0
BGC0001111,0,0,1,0,0,0,0,0
BGC0001112,0,0,1,0,0,0,0,0
BGC0001113,0,0,1,0,0,0,0,0
BGC0001114,0,0,1,1,0,0,0,0
BGC0001115,1,0,0,0,0,0,0,0
BGC0001116,1,0,0,0,0,0,0,0
BGC0001117,1,0,1,0,0,0,0,0
BGC0001119,1,0,1,0,0,0,0,0
BGC0001123,0,1,1,0,0,0,0,0
BGC0001125,0,0,1,0,0,0,0,0
BGC0001126,1,1,1,0,0,0,0,0
BGC0001127,0,1,0,0,0,0,0,0
BGC0001130,1,1,1,0,1,0,0,0
BGC0001131,0,0,0,0,0,1,0,0
BGC0001133,0,0,0,0,0,0,0,0
BGC0001135,1,0,0,0,0,0,0,0
BGC0001137,0,0,1,0,0,1,0,0
BGC0001138,1,0,0,0,0,0,0,0
BGC0001140,1,0,0,1,0,0,0,0
BGC0001145,1,1,0,0,0,0,0,0
BGC0001146,1,0,0,0,0,0,0,0
BGC0001147,1,1,1,0,0,0,0,0
BGC0001148,1,0,0,0,0,0,0,0
BGC0001149,1,1,0,0,0,0,0,0
BGC0001150,1,1,1,0,0,0,0,0
BGC0001151,1,1,0,1,0,0,0,0
BGC0001152,0,1,0,0,1,0,0,0
BGC0001153,1,0,0,0,1,0,0,0
BGC0001154,0,0,0,0,0,0,0,0
BGC0001155,1,0,0,0,0,0,0,0
BGC0001156,1,0,0,0,0,0,0,0
BGC0001157,1,0,0,0,0,0,0,0
BGC0001159,1,0,0,0,0,0,0,0
BGC0001160,0,0,0,0,0,0,0,0
BGC0001161,0,0,0,0,0,0,0,0
BGC0001165,0,0,1,0,0,0,0,0
BGC0001166,0,0,0,1,0,0,0,0
BGC0001168,0,0,0,1,0,0,0,0
BGC0001169,1,1,1,1,0,0,0,0
BGC0001170,0,0,1,0,0,0,0,0
BGC0001171,0,0,1,0,0,0,0,0
BGC0001172,0,0,1,0,0,0,0,0
BGC0001173,1,0,0,0,0,0,0,0
BGC0001174,1,0,0,0,0,0,0,0
BGC0001176,1,0,0,0,0,0,0,0
BGC0001177,0,0,1,0,0,0,0,0
BGC0001178,1,0,0,0,0,0,0,0
BGC0001179,0,0,0,1,0,0,0,0
BGC0001182,0,0,1,0,0,0,0,0
BGC0001183,1,0,1,0,0,0,0,0
BGC0001184,1,1,0,0,0,0,0,0
BGC0001185,0,0,0,0,0,0,0,1
BGC0001189,0,0,0,0,0,0,0,1
BGC0001191,0,0,0,1,0,0,0,0
BGC0001192,1,0,0,0,0,0,0,0
BGC0001193,1,1,0,0,0,0,0,0
BGC0001194,1,1,1,0,0,0,0,0
BGC0001196,1,0,0,0,0,0,0,0
BGC0001197,1,0,0,0,0,0,0,0
BGC0001199,1,0,1,0,0,0,0,0
BGC0001204,0,0,1,0,0,0,0,0
BGC0001206,1,0,0,0,0,0,0,0
BGC0001207,1,0,0,0,0,0,0,0
BGC0001210,1,0,0,0,0,0,0,0
BGC0001211,0,0,0,0,0,0,0,1
BGC0001212,0,1,1,0,0,0,0,0
BGC0001213,0,0,1,0,0,0,0,0
BGC0001214,1,0,0,0,0,0,0,0
BGC0001215,0,0,1,0,0,0,0,0
BGC0001216,0,0,0,1,0,0,0,0
BGC0001217,0,0,1,0,0,0,0,0
BGC0001221,0,0,1,0,0,0,0,0
BGC0001222,1,0,0,0,0,0,0,0
BGC0001223,0,1,1,0,0,0,0,0
BGC0001224,0,1,0,0,0,0,0,0
BGC0001225,1,0,0,0,0,0,0,0
BGC0001226,0,0,0,1,0,0,0,0
BGC0001227,0,0,0,0,0,0,0,0
BGC0001228,0,0,1,0,0,0,0,0
BGC0001230,1,0,0,0,0,0,0,0
BGC0001231,1,1,0,0,0,0,0,0
BGC0001233,1,0,0,0,0,0,1,0
BGC0001236,1,0,0,0,0,0,0,0
BGC0001237,1,0,0,0,0,0,0,0
BGC0001249,0,0,0,0,0,0,0,1
BGC0001285,1,1,1,0,0,0,0,0
BGC0001287,1,0,1,0,0,0,0,0
BGC0001288,1,0,0,0,1,0,0,0
BGC0001289,1,0,0,0,0,0,0,0
BGC0001291,1,0,0,0,0,0,0,0
BGC0001292,0,0,1,0,0,1,0,0
BGC0001293,0,0,1,0,0,0,0,0
BGC0001294,1,0,0,0,0,0,0,0
BGC0001295,1,1,1,0,0,0,0,0
BGC0001299,1,1,0,0,0,0,0,0
BGC0001300,1,0,1,0,0,0,0,0
BGC0001301,1,0,1,0,0,0,0,0
BGC0001302,1,1,1,0,0,0,0,0
BGC0001303,0,0,0,0,0,1,0,0
BGC0001310,1,0,1,0,0,0,0,0
BGC0001311,1,0,0,0,0,0,0,0
BGC0001312,0,0,0,0,1,0,0,0
BGC0001327,0,0,1,0,1,0,0,0
BGC0001328,0,0,1,0,1,0,0,0
BGC0001329,0,0,1,0,0,0,0,0
BGC0001330,0,0,1,0,0,0,0,0
BGC0001331,0,0,1,0,0,0,0,0
BGC0001332,0,0,1,0,0,0,0,0
BGC0001333,0,0,1,0,0,0,0,0
BGC0001334,0,0,1,0,0,0,0,0
BGC0001335,0,0,1,0,0,0,0,0
BGC0001336,0,0,1,0,0,0,0,0
BGC0001337,0,0,1,0,0,0,0,0
BGC0001338,0,0,1,0,0,0,0,0
BGC0001339,0,1,0,1,0,0,0,0
BGC0001342,1,0,0,0,0,0,0,0
BGC0001343,1,1,0,0,0,0,0,0
BGC0001344,0,0,1,0,0,0,0,0
BGC0001345,0,0,0,0,0,0,0,1
BGC0001348,1,1,1,1,0,0,0,0
BGC0001349,0,1,0,0,0,0,0,0
BGC0001351,1,0,0,0,0,0,0,0
BGC0001357,1,0,1,0,0,0,0,0
BGC0001363,0,0,0,0,0,0,0,0
BGC0001364,1,0,0,0,0,0,0,0
BGC0001366,1,1,0,0,0,0,0,0
BGC0001367,0,0,1,0,0,0,0,0
BGC0001368,0,0,1,0,0,0,0,0
BGC0001370,0,0,0,0,0,0,0,0
BGC0001374,0,0,0,0,0,0,0,0
BGC0001376,0,0,0,0,1,0,0,0
BGC0001377,1,0,0,0,0,0,0,0
BGC0001378,0,0,1,0,0,0,0,0
BGC0001379,1,1,0,0,0,0,0,0
BGC0001381,0,1,0,0,0,0,0,0
BGC0001383,1,0,0,0,0,0,0,0
BGC0001384,0,0,0,0,0,0,0,0
BGC0001386,0,0,1,0,0,0,0,0
BGC0001387,1,0,0,0,0,1,0,0
BGC0001388,0,0,0,0,0,0,0,0
BGC0001389,0,0,0,0,0,0,0,0
BGC0001391,0,0,0,0,0,0,0,0
BGC0001392,1,1,0,0,0,0,0,0
BGC0001393,1,0,0,0,0,0,0,0
BGC0001394,1,1,0,0,0,0,0,0
BGC0001395,1,0,0,0,0,0,0,0
BGC0001396,1,0,0,0,0,0,0,0
BGC0001397,1,0,1,0,0,0,0,0
BGC0001406,1,0,0,0,0,0,0,0
BGC0001407,1,0,0,0,0,0,0,0
BGC0001408,0,0,0,0,0,0,0,1
BGC0001409,1,0,1,0,0,0,0,0
BGC0001410,0,0,0,0,0,0,0,0
BGC0001411,0,0,0,0,0,0,0,0
BGC0001412,0,0,0,0,0,0,0,0
BGC0001413,1,0,0,0,0,0,0,0
BGC0001414,1,0,0,0,0,0,0,0
BGC0001415,1,0,0,0,0,0,0,0
BGC0001416,0,1,0,0,0,0,0,0
BGC0001433,1,0,0,0,0,0,0,0
BGC0001435,1,1,0,0,0,0,0,0
BGC0001437,1,0,0,0,0,0,0,0
BGC0001438,1,0,1,0,0,0,0,0
BGC0001439,1,0,0,0,0,0,0,0
BGC0001440,0,0,1,1,0,0,0,0
BGC0001441,0,0,1,1,0,0,0,0
BGC0001442,1,0,0,1,0,0,0,0
BGC0001443,0,0,0,1,0,0,0,0
BGC0001444,1,1,1,0,0,0,0,0
BGC0001445,0,0,0,0,0,0,0,1
BGC0001448,1,0,0,0,0,0,0,0
BGC0001449,1,0,0,1,0,0,0,0
BGC0001452,1,0,1,0,0,0,0,0
BGC0001453,0,0,0,0,0,1,0,1
BGC0001454,0,0,0,1,0,0,0,0
BGC0001458,0,0,0,0,0,1,0,0
BGC0001459,1,0,0,0,0,0,0,0
BGC0001460,1,0,0,0,0,0,0,0
BGC0001461,1,0,0,0,0,0,0,0
BGC0001462,1,0,0,0,0,0,0,0
BGC0001463,0,0,0,1,0,0,0,0
BGC0001465,0,0,1,0,0,0,0,0
BGC0001467,0,0,1,0,0,0,0,0
BGC0001468,1,0,0,0,0,0,0,0
BGC0001469,1,0,0,0,0,0,0,0
BGC0001470,1,0,0,0,0,0,0,0
BGC0001471,1,0,0,0,0,0,0,0
BGC0001472,1,0,0,0,0,0,0,0
BGC0001473,1,0,0,0,0,0,0,0
BGC0001474,1,0,0,0,0,0,0,0
BGC0001476,1,0,0,0,0,0,0,0
BGC0001477,1,1,0,0,0,0,0,0
BGC0001478,0,0,1,1,0,0,0,1
BGC0001479,0,0,0,1,0,0,0,0
BGC0001487,1,0,1,0,0,0,1,0
BGC0001492,0,0,0,0,0,0,1,0
BGC0001493,1,0,0,0,0,0,0,0
BGC0001498,0,0,0,0,0,0,0,1
BGC0001499,0,0,0,0,0,0,0,1
BGC0001501,1,1,1,0,0,0,0,0
BGC0001506,0,0,0,1,0,0,0,0
BGC0001509,0,0,0,0,1,0,0,0
BGC0001510,0,1,1,0,0,1,0,0
BGC0001511,0,0,1,0,0,0,0,0
BGC0001512,1,0,0,0,0,0,0,0
BGC0001514,1,1,0,0,0,0,1,0
BGC0001516,0,0,0,0,0,0,0,1
BGC0001519,1,0,0,0,0,0,0,0
BGC0001522,1,1,0,0,0,0,0,0
BGC0001523,1,1,0,0,0,0,0,0
BGC0001529,0,0,1,0,0,0,0,0
BGC0001531,0,0,0,0,0,0,0,1
BGC0001533,1,1,1,0,0,0,0,0
BGC0001537,0,1,0,0,0,0,0,0
BGC0001540,0,0,1,0,0,0,0,0
BGC0001553,0,0,1,0,0,0,0,0
BGC0001556,1,0,1,0,0,0,0,0
BGC0001558,0,0,1,0,0,0,0,0
BGC0001562,1,0,0,0,0,0,0,0
BGC0001568,0,0,1,0,0,0,0,0
BGC0001570,0,0,0,1,0,0,0,0
BGC0001574,1,0,0,0,0,0,0,0
BGC0001579,1,0,0,0,0,0,0,0
BGC0001584,1,0,1,0,0,0,0,0
BGC0001587,0,0,0,0,0,0,0,1
BGC0001590,1,0,0,0,0,0,0,0
BGC0001592,1,1,1,0,0,0,0,0
BGC0001593,1,1,0,0,0,0,0,0
BGC0001598,1,0,0,0,0,0,0,0
BGC0001607,0,0,1,0,0,0,0,0
BGC0001610,1,0,1,0,0,0,1,0
BGC0001619,0,1,0,0,0,0,0,0
BGC0001620,1,0,1,0,0,0,0,0
BGC0001622,0,0,0,0,0,0,1,0
BGC0001625,1,0,0,0,0,0,0,0
BGC0001629,1,0,0,0,0,0,0,0
BGC0001646,0,0,0,0,1,0,0,0
BGC0001648,0,0,0,0,0,1,0,0
BGC0001652,1,0,1,0,0,0,0,0
BGC0001661,1,0,0,0,0,0,0,0
BGC0001669,0,0,0,0,1,0,0,0
BGC0001670,1,1,0,0,0,0,1,0
BGC0001674,0,0,0,0,0,0,1,0
BGC0001675,1,0,0,0,0,0,0,0
BGC0001690,0,1,0,0,0,0,0,0
BGC0001695,0,0,1,0,0,0,0,0
BGC0001696,0,0,1,0,0,0,0,0
BGC0001700,1,0,0,0,0,0,0,0
BGC0001707,1,0,0,0,0,0,0,0
BGC0001709,0,1,0,0,0,0,0,0
BGC0001713,0,0,0,0,0,0,0,1
BGC0001723,0,0,1,0,0,0,0,0
BGC0001731,1,0,0,0,0,0,0,0
BGC0001732,1,0,0,0,0,0,0,0
BGC0001735,0,0,0,0,0,1,1,0
BGC0001742,0,0,0,1,0,0,0,0
BGC0001755,0,1,0,0,0,0,0,0
BGC0001760,1,0,0,0,0,0,0,0
BGC0001763,1,0,0,0,0,0,0,0
BGC0001767,0,0,0,0,0,0,0,1
BGC0001769,1,0,1,0,0,0,0,0
BGC0001774,0,0,1,0,0,0,0,0
BGC0001778,1,0,1,0,0,0,0,0
BGC0001779,0,0,0,0,0,0,1,0
BGC0001783,1,0,1,0,0,0,0,0
BGC0001784,1,0,0,0,0,0,0,0
BGC0001785,1,0,0,0,0,0,0,0
BGC0001792,0,1,0,0,0,0,0,0
BGC0001796,0,0,0,0,1,0,0,0
BGC0001801,1,1,0,0,0,0,0,0
BGC0001802,0,0,1,0,0,0,0,0
BGC0001808,0,1,1,0,0,0,0,0
BGC0001814,1,0,0,0,0,0,0,0
BGC0001817,1,1,0,0,0,0,0,0
BGC0001828,1,0,0,0,0,0,1,0
BGC0001829,0,0,1,0,0,0,0,0
BGC0001833,1,1,0,0,0,0,0,0
BGC0001834,1,0,1,0,0,0,0,0
BGC0001836,1,0,0,0,0,0,0,0
BGC0001838,1,1,0,0,0,0,0,0
BGC0001839,0,1,0,1,0,0,0,0
BGC0001842,1,0,0,0,1,0,0,0
BGC0001844,0,0,0,0,1,0,0,0
BGC0001846,1,1,1,0,0,0,0,0
BGC0001848,1,0,0,0,0,0,0,0
BGC0001849,0,0,1,0,0,0,0,0
BGC0001850,1,0,1,0,0,0,0,0
BGC0001851,0,0,1,0,0,0,0,0
BGC0001852,0,0,1,0,0,0,0,0
BGC0001856,0,1,1,0,0,0,0,0
BGC0001857,1,0,0,0,0,0,0,0
BGC0001859,1,0,0,0,0,0,0,0
BGC0001860,1,0,0,0,0,0,0,0
BGC0001861,1,0,0,0,0,0,0,0
BGC0001862,1,0,0,0,0,0,0,0
BGC0001863,1,0,0,0,0,0,0,0
BGC0001865,0,0,1,0,0,0,0,0
BGC0001866,1,0,1,0,0,0,0,0
BGC0001868,1,0,1,0,0,0,0,0
BGC0001869,1,0,0,0,0,0,0,0
BGC0001872,1,0,0,0,0,0,0,0
BGC0001874,0,0,1,1,0,0,0,0
BGC0001875,1,0,0,0,0,0,0,0
BGC0001877,0,1,0,0,0,0,0,0
BGC0001879,1,0,0,0,0,0,0,0
BGC0001881,0,0,1,0,0,0,0,0
BGC0001895,1,0,1,0,0,0,0,0
BGC0001896,1,1,0,0,0,0,0,0
BGC0001905,0,0,0,0,0,0,1,0
BGC0001910,1,0,0,0,0,0,0,0
BGC0001917,0,1,0,0,0,0,0,0
BGC0001919,0,0,1,0,0,0,0,0
BGC0001920,1,0,0,0,0,0,1,0
BGC0001922,1,0,1,0,0,0,0,0
BGC0001925,0,0,1,0,0,0,0,0
BGC0001927,1,0,0,0,0,0,0,0
BGC0001934,1,0,0,0,0,0,0,0
BGC0001937,0,0,1,0,0,1,0,0
BGC0001950,0,0,0,0,1,0,0,0
BGC0001951,0,0,0,0,1,0,0,0
BGC0001953,0,0,0,0,1,0,0,0
BGC0001957,0,1,0,0,0,0,0,0
BGC0001959,1,0,0,0,0,0,0,0
BGC0001965,1,0,0,0,0,0,1,0
BGC0001967,1,1,1,0,0,0,0,0
BGC0001972,1,1,0,0,0,0,0,0
BGC0001975,1,0,0,0,0,0,0,0
BGC0001979,0,0,1,0,0,0,0,0
BGC0001985,0,0,0,0,0,0,1,0
BGC0001994,1,0,0,0,0,0,0,0
BGC0002000,1,0,1,0,0,0,0,0
BGC0002009,1,0,0,0,0,0,0,0
BGC0002010,1,0,0,0,0,0,0,0
BGC0002012,1,0,0,0,0,0,0,0
BGC0002013,0,0,1,0,0,0,0,0
BGC0002015,1,0,0,0,0,0,0,0
BGC0002022,1,0,0,0,0,0,0,0
BGC0002025,0,0,0,0,1,0,0,0
BGC0002028,1,0,1,0,0,0,0,0
BGC0002032,0,1,0,0,0,1,0,0
BGC0002033,1,0,0,0,0,1,0,0
BGC0002036,1,0,0,0,0,0,0,0
BGC0002045,1,0,1,0,0,0,0,0
BGC0002046,0,0,1,0,0,0,0,0
BGC0002050,0,0,1,0,0,0,0,0
BGC0002053,0,0,1,0,0,0,0,0
BGC0002055,0,0,1,0,0,0,0,0
BGC0002056,0,0,1,0,0,0,0,0
BGC0002059,0,0,1,0,0,0,0,0
BGC0002063,1,0,0,0,0,0,0,0
BGC0002066,0,1,0,1,0,0,0,0
BGC0002067,1,1,0,1,0,0,0,0
BGC0002068,0,0,1,0,0,0,0,0
BGC0002072,1,1,0,0,0,0,0,0
BGC0002073,0,0,0,0,0,0,0,1
BGC0002075,1,0,1,0,0,0,0,0
BGC0002076,0,0,0,1,0,0,0,0
BGC0002081,0,0,0,0,0,0,1,0
BGC0002082,0,0,1,0,0,0,0,0
BGC0002083,0,1,1,0,0,0,0,0
BGC0002085,1,0,0,1,0,0,0,0
BGC0002086,1,0,0,0,0,0,0,0
BGC0002087,0,1,0,0,0,0,0,0
BGC0002088,1,0,0,0,0,0,0,0
BGC0002090,0,0,1,0,0,1,0,0
BGC0002091,1,0,0,1,0,0,0,0
BGC0002092,1,1,0,0,0,0,0,0
BGC0002095,0,0,0,1,0,0,0,0
BGC0002097,1,0,1,0,0,0,0,0
BGC0002101,0,1,1,0,0,0,0,0
BGC0002104,0,1,0,0,0,0,0,0
BGC0002105,0,1,0,0,0,0,0,0
BGC0002106,0,1,0,0,0,0,0,0
BGC0002110,1,0,0,0,0,0,0,0
BGC0002111,1,0,0,0,0,0,0,0
BGC0002114,1,0,0,0,0,0,0,0
BGC0002116,1,0,0,0,0,0,0,0
BGC0002118,0,0,1,1,0,0,0,0
BGC0002119,0,0,1,1,0,0,0,0
BGC0002124,1,0,0,0,0,0,0,0
BGC0002126,1,0,0,0,0,0,0,0
BGC0002129,1,0,1,0,0,0,0,0
BGC0002130,1,0,0,0,0,0,0,0
BGC0002131,0,1,1,0,0,0,0,0
BGC0002134,0,0,0,1,0,0,0,0
BGC0002139,1,0,1,0,0,0,0,0
BGC0002141,1,0,1,0,0,0,0,0
BGC0002144,1,0,0,0,0,0,0,0
BGC0002304,0,1,0,0,0,0,0,0
BGC0002307,0,1,0,0,0,0,0,0
BGC0002319,1,0,0,0,0,0,0,0
BGC0002339,1,0,1,0,0,0,0,0
BGC0002356,0,1,0,0,0,0,0,0
BGC0002362,1,0,0,0,0,0,0,0
BGC0002439,1,0,1,0,0,0,0,0
BGC0002440,1,0,0,0,0,0,0,0
BGC0002442,1,0,0,0,0,0,0,0
BGC0002447,1,0,0,0,0,0,0,0
BGC0002455,1,0,0,0,0,0,0,0
BGC0002456,1,0,0,0,0,0,0,0
BGC0002462,0,0,1,1,0,0,0,0
BGC0002517,0,0,0,1,0,0,0,0
BGC0002522,1,0,0,0,0,0,0,0
BGC0002526,1,0,0,0,0,1,1,0
BGC0002543,0,1,0,0,0,0,0,0
BGC0002560,0,0,1,0,0,0,0,0
BGC0002637,1,0,0,1,0,0,0,0
BGC0002638,1,0,0,1,0,0,0,0
BGC0002645,1,0,0,0,0,0,0,0
BGC0002646,1,0,0,0,0,0,0,0
BGC0002697,1,0,0,0,0,0,0,0
BGC0002702,1,0,0,1,0,0,0,0
